0.4,-0.472,-3.32,0,0,13.71,0,0,0,0,-4.5,0,0,0,-22.01381098,0,0,0,-207.1
0.425,-0.472125,-3.32,0,0,13.785,0,0,0,0,-4.525,0,0,0,-22.1617530525,0,0,0,-207.75
0.45,-0.47225,-3.32,0,0,13.86,0,0,0,0,-4.55,0,0,0,-22.309695125,0,0,0,-208.4
0.475,-0.472375,-3.32,0,0,13.935,0,0,0,0,-4.575,0,0,0,-22.4576371975,0,0,0,-209.05
0.5,-0.4725,-3.32,0,0,14.01,0,0,0,0,-4.6,0,0,0,-22.60557927,0,0,0,-209.7
0.525,-0.472625,-3.32,0,0,14.085,0,0,0,0,-4.625,0,0,0,-22.7535213425,0,0,0,-210.35
0.55,-0.47275,-3.32,0,0,14.16,0,0,0,0,-4.65,0,0,0,-22.901463415,0,0,0,-211
0.575,-0.472875,-3.32,0,0,14.235,0,0,0,0,-4.675,0,0,0,-23.0494054875,0,0,0,-211.65
0.6,-0.473,-3.32,0,0,14.31,0,0,0,0,-4.7,0,0,0,-23.19734756,0,0,0,-212.3
0.625,-0.48375,-3.38,0,0,14.5075,0,0,0,0,-4.7875,0,0,0,-23.5194283525,0,0,0,-213.5125
0.65,-0.4945,-3.44,0,0,14.705,0,0,0,0,-4.875,0,0,0,-23.841509145,0,0,0,-214.725
0.675,-0.50525,-3.5,0,0,14.9025,0,0,0,0,-4.9625,0,0,0,-24.1635899375,0,0,0,-215.9375
0.7,-0.516,-3.56,0,0,15.1,0,0,0,0,-5.05,0,0,0,-24.48567073,0,0,0,-217.15
0.725,-0.527,-3.62,0,0,15.295,0,0,0,0,-5.125,0,0,0,-24.78532012,0,0,0,-218.35
0.75,-0.538,-3.68,0,0,15.49,0,0,0,0,-5.2,0,0,0,-25.08496951,0,0,0,-219.55
0.775,-0.5485,-3.74,0,0,15.69,0,0,0,0,-5.275,0,0,0,-25.329481705,0,0,0,-220.75
0.8,-0.559,-3.8,0,0,15.89,0,0,0,0,-5.35,0,0,0,-25.5739939,0,0,0,-221.95
0.825,-0.592,-3.92,0,0,16.205,0,0,0,0,-5.475,0,0,0,-26.10035061,0,0,0,-224.375
0.85,-0.625,-4.04,0,0,16.52,0,0,0,0,-5.6,0,0,0,-26.62670732,0,0,0,-226.8
0.875,-0.658,-4.16,0,0,16.83,0,0,0,0,-5.7,0,0,0,-27.00820122,0,0,0,-229.2
0.9,-0.692,-4.28,0,0,17.15,0,0,0,0,-5.85,0,0,0,-27.47942073,0,0,0,-231.6
0.925,-0.729,-4.53,0,0,17.47,0,0,0,0,-5.95,0,0,0,-27.95064025,0,0,0,-233.9
0.95,-0.766,-4.77,0,0,17.79,0,0,0,0,-6.1,0,0,0,-28.32185976,0,0,0,-236.2
0.975,-0.832,-5.15,0,0,18.11,0,0,0,0,-6.2,0,0,0,-28.69307927,0,0,0,-238.75
1,-0.899,-5.53,0,0,18.43,0,0,0,0,-6.35,0,0,0,-29.16429878,0,0,0,-241.35
1.025,-0.92,-5.94,0,0,18.71,0,0,0,0,-6.45,0,0,0,-31.17661585,0,0,0,-255.15
1.05,-0.941,-6.35,0,0,18.98,0,0,0,0,-6.55,0,0,0,-33.39920732,0,0,0,-269
1.075,-0.9185,-6.735,0,0,19.285,0,0,0,0,-6.675,0,0,0,-35.635838415,0,0,0,-285.65
1.1,-0.896,-7.12,0,0,19.59,0,0,0,0,-6.8,0,0,0,-37.87246951,0,0,0,-302.3
1.125,-0.877,-7.3725,0,0,19.32,0,0,0,0,-6.6875,0,0,0,-37.1748780475,0,0,0,-300.2625
1.15,-0.858,-7.625,0,0,19.05,0,0,0,0,-6.575,0,0,0,-36.477286585,0,0,0,-298.225
1.175,-0.839,-7.8775,0,0,18.78,0,0,0,0,-6.4625,0,0,0,-35.7796951225,0,0,0,-296.1875
1.2,-0.82,-8.13,0,0,18.51,0,0,0,0,-6.35,0,0,0,-35.08210366,0,0,0,-294.15
1.225,-0.811166666666667,-8.03333333333333,0,0,18.2016666666667,0,0,0,0,-6.225,0,0,0,-34.1822306916667,0,0,0,-290.975
1.25,-0.802333333333333,-7.93666666666667,0,0,17.8933333333333,0,0,0,0,-6.1,0,0,0,-33.2823577233333,0,0,0,-287.8
1.275,-0.7935,-7.84,0,0,17.585,0,0,0,0,-5.975,0,0,0,-32.382484755,0,0,0,-284.625
1.3,-0.784666666666667,-7.74333333333333,0,0,17.2766666666667,0,0,0,0,-5.85,0,0,0,-31.4826117866667,0,0,0,-281.45
1.325,-0.775833333333333,-7.64666666666667,0,0,16.9683333333333,0,0,0,0,-5.725,0,0,0,-30.5827388183333,0,0,0,-278.275
1.35,-0.767,-7.55,0,0,16.66,0,0,0,0,-5.6,0,0,0,-29.68286585,0,0,0,-275.1
1.375,-0.7595,-7.45,0,0,16.3416666666667,0,0,0,0,-5.45833333333333,0,0,0,-28.7266006066667,0,0,0,-271.958333333333
1.4,-0.752,-7.35,0,0,16.0233333333333,0,0,0,0,-5.31666666666667,0,0,0,-27.7703353633333,0,0,0,-268.816666666667
1.425,-0.7445,-7.25,0,0,15.705,0,0,0,0,-5.175,0,0,0,-26.81407012,0,0,0,-265.675
1.45,-0.737,-7.15,0,0,15.3866666666667,0,0,0,0,-5.03333333333333,0,0,0,-25.8578048766667,0,0,0,-262.533333333333
1.475,-0.7295,-7.05,0,0,15.0683333333333,0,0,0,0,-4.89166666666667,0,0,0,-24.9015396333333,0,0,0,-259.391666666667
1.5,-0.722,-6.95,0,0,14.75,0,0,0,0,-4.75,0,0,0,-23.94527439,0,0,0,-256.25
1.525,-0.7155,-6.889,0,0,14.708,0,0,0,0,-4.73,0,0,0,-23.728426829,0,0,0,-255.87
1.55,-0.709,-6.828,0,0,14.666,0,0,0,0,-4.71,0,0,0,-23.511579268,0,0,0,-255.49
1.575,-0.7025,-6.767,0,0,14.624,0,0,0,0,-4.69,0,0,0,-23.294731707,0,0,0,-255.11
1.6,-0.696,-6.706,0,0,14.582,0,0,0,0,-4.67,0,0,0,-23.077884146,0,0,0,-254.73
1.625,-0.6895,-6.645,0,0,14.54,0,0,0,0,-4.65,0,0,0,-22.861036585,0,0,0,-254.35
1.65,-0.683,-6.584,0,0,14.498,0,0,0,0,-4.63,0,0,0,-22.644189024,0,0,0,-253.97
1.675,-0.6765,-6.523,0,0,14.456,0,0,0,0,-4.61,0,0,0,-22.427341463,0,0,0,-253.59
1.7,-0.67,-6.462,0,0,14.414,0,0,0,0,-4.59,0,0,0,-22.210493902,0,0,0,-253.21
1.725,-0.6635,-6.401,0,0,14.372,0,0,0,0,-4.57,0,0,0,-21.993646341,0,0,0,-252.83
1.75,-0.657,-6.34,0,0,14.33,0,0,0,0,-4.55,0,0,0,-21.77679878,0,0,0,-252.45
1.775,-0.6525,-6.28,0,0,13.973,0,0,0,0,-4.405,0,0,0,-20.693594512,0,0,0,-247.4
1.8,-0.648,-6.22,0,0,13.616,0,0,0,0,-4.26,0,0,0,-19.610390244,0,0,0,-242.35
1.825,-0.6435,-6.16,0,0,13.259,0,0,0,0,-4.115,0,0,0,-18.527185976,0,0,0,-237.3
1.85,-0.639,-6.1,0,0,12.902,0,0,0,0,-3.97,0,0,0,-17.443981708,0,0,0,-232.25
1.875,-0.6345,-6.04,0,0,12.545,0,0,0,0,-3.825,0,0,0,-16.36077744,0,0,0,-227.2
1.9,-0.63,-5.98,0,0,12.188,0,0,0,0,-3.68,0,0,0,-15.277573172,0,0,0,-222.15
1.925,-0.6255,-5.92,0,0,11.831,0,0,0,0,-3.535,0,0,0,-14.194368904,0,0,0,-217.1
1.95,-0.621,-5.86,0,0,11.474,0,0,0,0,-3.39,0,0,0,-13.111164636,0,0,0,-212.05
1.975,-0.6165,-5.8,0,0,11.117,0,0,0,0,-3.245,0,0,0,-12.027960368,0,0,0,-207
2,-0.612,-5.74,0,0,10.76,0,0,0,0,-3.1,0,0,0,-10.9447561,0,0,0,-201.95
2.025,-0.608,-5.709,0,0,10.697,0,0,0,0,-3.07,0,0,0,-10.6994847583,0,0,0,-201.1
2.05,-0.604,-5.678,0,0,10.634,0,0,0,0,-3.04,0,0,0,-10.4542134166,0,0,0,-200.25
2.075,-0.6,-5.647,0,0,10.571,0,0,0,0,-3.01,0,0,0,-10.2089420749,0,0,0,-199.4
2.1,-0.596,-5.616,0,0,10.508,0,0,0,0,-2.98,0,0,0,-9.9636707332,0,0,0,-198.55
2.125,-0.592,-5.585,0,0,10.445,0,0,0,0,-2.95,0,0,0,-9.7183993915,0,0,0,-197.7
2.15,-0.588,-5.554,0,0,10.382,0,0,0,0,-2.92,0,0,0,-9.4731280498,0,0,0,-196.85
2.175,-0.584,-5.523,0,0,10.319,0,0,0,0,-2.89,0,0,0,-9.2278567081,0,0,0,-196
2.2,-0.58,-5.492,0,0,10.256,0,0,0,0,-2.86,0,0,0,-8.9825853664,0,0,0,-195.15
2.225,-0.576,-5.461,0,0,10.193,0,0,0,0,-2.83,0,0,0,-8.7373140247,0,0,0,-194.3
2.25,-0.572,-5.43,0,0,10.13,0,0,0,0,-2.8,0,0,0,-8.492042683,0,0,0,-193.45
2.275,-0.5681,-5.4,0,0,10.068,0,0,0,0,-2.775,0,0,0,-8.2457439025,0,0,0,-192.6
2.3,-0.5642,-5.37,0,0,10.006,0,0,0,0,-2.75,0,0,0,-7.999445122,0,0,0,-191.75
2.325,-0.5603,-5.34,0,0,9.944,0,0,0,0,-2.725,0,0,0,-7.7531463415,0,0,0,-190.9
2.35,-0.5564,-5.31,0,0,9.882,0,0,0,0,-2.7,0,0,0,-7.506847561,0,0,0,-190.05
2.375,-0.5525,-5.28,0,0,9.82,0,0,0,0,-2.675,0,0,0,-7.2605487805,0,0,0,-189.2
2.4,-0.5486,-5.25,0,0,9.758,0,0,0,0,-2.65,0,0,0,-7.01425,0,0,0,-188.35
2.425,-0.5447,-5.22,0,0,9.696,0,0,0,0,-2.625,0,0,0,-6.7679512195,0,0,0,-187.5
2.45,-0.5408,-5.19,0,0,9.634,0,0,0,0,-2.6,0,0,0,-6.521652439,0,0,0,-186.65
2.475,-0.5369,-5.16,0,0,9.572,0,0,0,0,-2.575,0,0,0,-6.2753536585,0,0,0,-185.8
2.5,-0.533,-5.13,0,0,9.51,0,0,0,0,-2.55,0,0,0,-6.029054878,0,0,0,-184.95
2.525,-0.53005,-5.093,0,0,9.443,0,0,0,0,-2.525,0,0,0,-5.8178932926,0,0,0,-183.955
2.55,-0.5271,-5.056,0,0,9.376,0,0,0,0,-2.5,0,0,0,-5.6067317072,0,0,0,-182.96
2.575,-0.52415,-5.019,0,0,9.309,0,0,0,0,-2.475,0,0,0,-5.3955701218,0,0,0,-181.965
2.6,-0.5212,-4.982,0,0,9.242,0,0,0,0,-2.45,0,0,0,-5.1844085364,0,0,0,-180.97
2.625,-0.51825,-4.945,0,0,9.175,0,0,0,0,-2.425,0,0,0,-4.973246951,0,0,0,-179.975
2.65,-0.5153,-4.908,0,0,9.108,0,0,0,0,-2.4,0,0,0,-4.7620853656,0,0,0,-178.98
2.675,-0.51235,-4.871,0,0,9.041,0,0,0,0,-2.375,0,0,0,-4.5509237802,0,0,0,-177.985
2.7,-0.5094,-4.834,0,0,8.974,0,0,0,0,-2.35,0,0,0,-4.3397621948,0,0,0,-176.99
2.725,-0.50645,-4.797,0,0,8.907,0,0,0,0,-2.325,0,0,0,-4.1286006094,0,0,0,-175.995
2.75,-0.5035,-4.76,0,0,8.84,0,0,0,0,-2.3,0,0,0,-3.917439024,0,0,0,-175
2.775,-0.50055,-4.723,0,0,8.773,0,0,0,0,-2.275,0,0,0,-3.7062774386,0,0,0,-174.005
2.8,-0.4976,-4.686,0,0,8.706,0,0,0,0,-2.25,0,0,0,-3.4951158532,0,0,0,-173.01
2.825,-0.49465,-4.649,0,0,8.639,0,0,0,0,-2.225,0,0,0,-3.2839542678,0,0,0,-172.015
2.85,-0.4917,-4.612,0,0,8.572,0,0,0,0,-2.2,0,0,0,-3.0727926824,0,0,0,-171.02
2.875,-0.48875,-4.575,0,0,8.505,0,0,0,0,-2.175,0,0,0,-2.861631097,0,0,0,-170.025
2.9,-0.4858,-4.538,0,0,8.438,0,0,0,0,-2.15,0,0,0,-2.6504695116,0,0,0,-169.03
2.925,-0.48285,-4.501,0,0,8.371,0,0,0,0,-2.125,0,0,0,-2.4393079262,0,0,0,-168.035
2.95,-0.4799,-4.464,0,0,8.304,0,0,0,0,-2.1,0,0,0,-2.2281463408,0,0,0,-167.04
2.975,-0.47695,-4.427,0,0,8.237,0,0,0,0,-2.075,0,0,0,-2.0169847554,0,0,0,-166.045
3,-0.474,-4.39,0,0,8.17,0,0,0,0,-2.05,0,0,0,-1.80582317,0,0,0,-165.05
3.025,-0.4726,-4.373,0,0,8.118,0,0,0,0,-2.03,0,0,0,-1.6692499993,0,0,0,-164.1725
3.05,-0.4712,-4.356,0,0,8.066,0,0,0,0,-2.01,0,0,0,-1.5326768286,0,0,0,-163.295
3.075,-0.4698,-4.339,0,0,8.014,0,0,0,0,-1.99,0,0,0,-1.3961036579,0,0,0,-162.4175
3.1,-0.4684,-4.322,0,0,7.962,0,0,0,0,-1.97,0,0,0,-1.2595304872,0,0,0,-161.54
3.125,-0.467,-4.305,0,0,7.91,0,0,0,0,-1.95,0,0,0,-1.1229573165,0,0,0,-160.6625
3.15,-0.4656,-4.288,0,0,7.858,0,0,0,0,-1.93,0,0,0,-0.9863841458,0,0,0,-159.785
3.175,-0.4642,-4.271,0,0,7.806,0,0,0,0,-1.91,0,0,0,-0.849810975100001,0,0,0,-158.9075
3.2,-0.4628,-4.254,0,0,7.754,0,0,0,0,-1.89,0,0,0,-0.713237804399999,0,0,0,-158.03
3.225,-0.4614,-4.237,0,0,7.702,0,0,0,0,-1.87,0,0,0,-0.5766646337,0,0,0,-157.1525
3.25,-0.46,-4.22,0,0,7.65,0,0,0,0,-1.85,0,0,0,-0.440091463,0,0,0,-156.275
3.275,-0.4586,-4.203,0,0,7.598,0,0,0,0,-1.83,0,0,0,-0.3035182923,0,0,0,-155.3975
3.3,-0.4572,-4.186,0,0,7.546,0,0,0,0,-1.81,0,0,0,-0.166945121600001,0,0,0,-154.52
3.325,-0.4558,-4.169,0,0,7.494,0,0,0,0,-1.79,0,0,0,-0.0303719508999991,0,0,0,-153.6425
3.35,-0.4544,-4.152,0,0,7.442,0,0,0,0,-1.77,0,0,0,0.1062012198,0,0,0,-152.765
3.375,-0.453,-4.135,0,0,7.39,0,0,0,0,-1.75,0,0,0,0.2427743905,0,0,0,-151.8875
3.4,-0.4516,-4.118,0,0,7.338,0,0,0,0,-1.73,0,0,0,0.3793475612,0,0,0,-151.01
3.425,-0.4502,-4.101,0,0,7.286,0,0,0,0,-1.71,0,0,0,0.515920731899999,0,0,0,-150.1325
3.45,-0.4488,-4.084,0,0,7.234,0,0,0,0,-1.69,0,0,0,0.652493902600001,0,0,0,-149.255
3.475,-0.4474,-4.067,0,0,7.182,0,0,0,0,-1.67,0,0,0,0.7890670733,0,0,0,-148.3775
3.5,-0.446,-4.05,0,0,7.13,0,0,0,0,-1.65,0,0,0,0.925640244,0,0,0,-147.5
3.525,-0.4446,-4.033,0,0,7.078,0,0,0,0,-1.63,0,0,0,1.06721341475,0,0,0,-146.62
3.55,-0.4432,-4.016,0,0,7.026,0,0,0,0,-1.61,0,0,0,1.2087865855,0,0,0,-145.74
3.575,-0.4418,-3.999,0,0,6.974,0,0,0,0,-1.59,0,0,0,1.35035975625,0,0,0,-144.86
3.6,-0.4404,-3.982,0,0,6.922,0,0,0,0,-1.57,0,0,0,1.491932927,0,0,0,-143.98
3.625,-0.439,-3.965,0,0,6.87,0,0,0,0,-1.55,0,0,0,1.63350609775,0,0,0,-143.1
3.65,-0.4376,-3.948,0,0,6.818,0,0,0,0,-1.53,0,0,0,1.7750792685,0,0,0,-142.22
3.675,-0.4362,-3.931,0,0,6.766,0,0,0,0,-1.51,0,0,0,1.91665243925,0,0,0,-141.34
3.7,-0.4348,-3.914,0,0,6.714,0,0,0,0,-1.49,0,0,0,2.05822561,0,0,0,-140.46
3.725,-0.4334,-3.897,0,0,6.662,0,0,0,0,-1.47,0,0,0,2.19979878075,0,0,0,-139.58
3.75,-0.432,-3.88,0,0,6.61,0,0,0,0,-1.45,0,0,0,2.3413719515,0,0,0,-138.7
3.775,-0.4306,-3.863,0,0,6.558,0,0,0,0,-1.43,0,0,0,2.48294512225,0,0,0,-137.82
3.8,-0.4292,-3.846,0,0,6.506,0,0,0,0,-1.41,0,0,0,2.624518293,0,0,0,-136.94
3.825,-0.4278,-3.829,0,0,6.454,0,0,0,0,-1.39,0,0,0,2.76609146375,0,0,0,-136.06
3.85,-0.4264,-3.812,0,0,6.402,0,0,0,0,-1.37,0,0,0,2.9076646345,0,0,0,-135.18
3.875,-0.425,-3.795,0,0,6.35,0,0,0,0,-1.35,0,0,0,3.04923780525,0,0,0,-134.3
3.9,-0.4236,-3.778,0,0,6.298,0,0,0,0,-1.33,0,0,0,3.190810976,0,0,0,-133.42
3.925,-0.4222,-3.761,0,0,6.246,0,0,0,0,-1.31,0,0,0,3.33238414675,0,0,0,-132.54
3.95,-0.4208,-3.744,0,0,6.194,0,0,0,0,-1.29,0,0,0,3.4739573175,0,0,0,-131.66
3.975,-0.4194,-3.727,0,0,6.142,0,0,0,0,-1.27,0,0,0,3.61553048825,0,0,0,-130.78
4,-0.418,-3.71,0,0,6.09,0,0,0,0,-1.25,0,0,0,3.757103659,0,0,0,-129.9
