0.9,-0.837,-9.285144,0,0,6.7107,1213.859,0,0,0,-3.3169,0,0,0,20.9469,-3694.857,0,0,-16864.9
1,-1.2311,-9.692272,0,0,6.7421,1229.513,0,0,0,-3.29115,0,0,0,20.9967,-3589.936,0,0,-1762.206
1.1,-1.5016,-9.863003,0,0,7.0559,1260.547,0,0,0,-3.30475,0,0,0,18.055,-3602.084,0,0,-1061.513
1.2,-1.4463,-9.994335,0,0,7.2288,1224.93,0,0,0,-3.28785,0,0,0,15.2419,-3436.094,0,0,-728.656
1.3,-1.32996666666667,-11.0099666666667,0,0,8.27886666666667,1180.97333333333,0,0,0,-3.35045,0,0,0,9.94663333333333,-3264.64933333333,0,0,-686.9155
1.4,-1.21363333333333,-12.0255983333333,0,0,9.32893333333333,1137.01666666667,0,0,0,-3.41305,0,0,0,4.65136666666667,-3093.20466666667,0,0,-645.175
1.5,-1.0973,-13.04123,0,0,10.379,1093.06,0,0,0,-3.47565,0,0,0,-0.6439,-2921.76,0,0,-603.4345
1.6,-1.03162,-13.083256,0,0,10.25576,1099.6318,0,0,0,-3.47534,0,0,0,-1.55942,-2721.4164,0,0,-590.6467
1.7,-0.96594,-13.125282,0,0,10.13252,1106.2036,0,0,0,-3.47503,0,0,0,-2.47494,-2521.0728,0,0,-577.8589
1.8,-0.90026,-13.167308,0,0,10.00928,1112.7754,0,0,0,-3.47472,0,0,0,-3.39046,-2320.7292,0,0,-565.0711
1.9,-0.83458,-13.209334,0,0,9.88604,1119.3472,0,0,0,-3.47441,0,0,0,-4.30598,-2120.3856,0,0,-552.2833
2,-0.7689,-13.25136,0,0,9.7628,1125.919,0,0,0,-3.4741,0,0,0,-5.2215,-1920.042,0,0,-539.4955
2.1,-0.74221,-13.23166,0,0,9.62791,1141.5304,0,0,0,-3.47352,0,0,0,-5.57553,-1734.515075,0,0,-517.56105
2.2,-0.71552,-13.21196,0,0,9.49302,1157.1418,0,0,0,-3.47294,0,0,0,-5.92956,-1548.98815,0,0,-495.6266
2.3,-0.68883,-13.19226,0,0,9.35813,1172.7532,0,0,0,-3.47236,0,0,0,-6.28359,-1363.461225,0,0,-473.69215
2.4,-0.66214,-13.17256,0,0,9.22324,1188.3646,0,0,0,-3.47178,0,0,0,-6.63762,-1177.9343,0,0,-451.7577
2.5,-0.63545,-13.15286,0,0,9.08835,1203.976,0,0,0,-3.4712,0,0,0,-6.99165,-992.407375,0,0,-429.82325
2.6,-0.60876,-13.13316,0,0,8.95346,1219.5874,0,0,0,-3.47062,0,0,0,-7.34568,-806.88045,0,0,-407.8888
2.7,-0.58207,-13.11346,0,0,8.81857,1235.1988,0,0,0,-3.47004,0,0,0,-7.69971,-621.353525,0,0,-385.95435
2.8,-0.55538,-13.09376,0,0,8.68368,1250.8102,0,0,0,-3.46946,0,0,0,-8.05374,-435.8266,0,0,-364.0199
2.9,-0.52869,-13.07406,0,0,8.54879,1266.4216,0,0,0,-3.46888,0,0,0,-8.40777,-250.299675,0,0,-342.08545
3,-0.502,-13.05436,0,0,8.4139,1282.033,0,0,0,-3.4683,0,0,0,-8.7618,-64.77275,0,0,-320.151
